,T-shirt/top,Trouser,Pullover,Dress,Coat,Sandal,Shirt,Sneaker,Bag,Ankle boot
T-shirt/top,0.8971428571428571,0.0,0.010476190476190476,0.014285714285714285,0.0019047619047619048,0.0,0.07142857142857142,0.0,0.004761904761904762,0.0
Trouser,0.0,0.9752380952380952,0.0,0.02,0.0038095238095238095,0.0,0.0009523809523809524,0.0,0.0,0.0
Pullover,0.013333333333333334,0.0,0.8866666666666667,0.005714285714285714,0.05904761904761905,0.0,0.035238095238095235,0.0,0.0,0.0
Dress,0.021904761904761906,0.008571428571428572,0.006666666666666667,0.9104761904761904,0.03333333333333333,0.0,0.018095238095238095,0.0,0.0009523809523809524,0.0
Coat,0.0019047619047619048,0.0,0.04666666666666667,0.01904761904761905,0.9019047619047619,0.0,0.030476190476190476,0.0,0.0,0.0
Sandal,0.0,0.0,0.0,0.0,0.0,0.979047619047619,0.0,0.014285714285714285,0.0009523809523809524,0.005714285714285714
Shirt,0.12761904761904763,0.004761904761904762,0.06666666666666667,0.018095238095238095,0.08857142857142856,0.0,0.6923809523809524,0.0,0.0009523809523809524,0.0009523809523809524
Sneaker,0.0,0.0,0.0,0.0,0.0,0.01619047619047619,0.0,0.9561904761904761,0.0,0.02761904761904762
Bag,0.0038095238095238095,0.0,0.0019047619047619048,0.0,0.009523809523809525,0.0009523809523809524,0.004761904761904762,0.0,0.979047619047619,0.0
Ankle boot,0.0,0.0,0.0,0.0,0.0,0.0038095238095238095,0.0,0.01904761904761905,0.0,0.9771428571428571
