class,specificity,false_positive_rate,false_negative_rate
T-shirt/top,0.9812698412698413,0.01873015873015873,0.10285714285714286
Trouser,0.9985185185185185,0.0014814814814814814,0.024761904761904763
Pullover,0.9852910052910053,0.01470899470899471,0.11333333333333333
Dress,0.9914285714285714,0.008571428571428572,0.08952380952380952
Coat,0.9782010582010582,0.0217989417989418,0.0980952380952381
Sandal,0.9976719576719577,0.002328042328042328,0.02095238095238095
Shirt,0.9821164021164022,0.017883597883597883,0.3076190476190476
Sneaker,0.9962962962962963,0.003703703703703704,0.04380952380952381
Bag,0.9991534391534391,0.0008465608465608466,0.02095238095238095
Ankle boot,0.9961904761904762,0.0038095238095238095,0.022857142857142857
